date	TILL1	TILL2	PP1	PP2	PP3	TARGET
2015	29824831.49	11022421.64	99799503.21			150000000
2016	89686153.72	63078071.64	99799503.21			150000000
2017	179887524.4	89822317.48	99799503.21			150000000
2018	182272046.5	70002708.98		163758703.7		150000000
2019	126940733	32035547.61		163758703.7		150000000
2020	191729855.2	70411525.17		163758703.7		150000000
2021	173578292.3	69898556.91		163758703.7		150000000
2022	144272591.6	73432074.9		163758703.7		150000000
2023	102858476.5	56892969.24			118950652.1	150000000
2024	140867406.5	38918062.57			118950652.1	150000000
2025	181896865.1	67986697.5			118950652.1	150000000
2026	103470174.8	128197498			118950652.1	150000000
2027	65660337.64	192365965			118950652.1	150000000
2028	159679834.4	164530058				150000000
2029	181539165.4	107912455.5				150000000
2030	209223504.3	12349846.4				150000000
2031	269002957.9	6800815.588				150000000
2032	244876052.8	11516344.5				150000000
2033	230848980	22149891.57				150000000
2034	138473886.4	65814179.12				150000000
2035	32620614.65	116385234.6				150000000
2036	36348567.88	99997700.96				150000000
2037	58807137.47	42120507.44				150000000
2038	125890030.6	5686231.687				150000000
2039	134518925.1	1552072.334				150000000
2040	166175045.6	1497893.952				150000000
2041	191178597.3	780379.9693				150000000
2042	78414419.33	783381.4974				150000000
2043	3238768.487	783381.4242				150000000
2044	21928193.15	1083751.91				150000000