date	Capacity	Demand	Over Design	Optimum	Sub-Optimum
2015	275	1749	7000	1908	1590
2016	275	1803	7001	1967	1639
2017	2355	1857	7002	2025	1688
2018	2355	1910	7003	2084	1736
2019	2355	1965	7004	2143	1786
2020	2355	2020	7005	2204	1837
2021	2355	2077	7006	2266	1888
2022	2355	2134	7007	2329	1940
2023	2355	2193	7008	2392	1993
2024	2355	2252	7009	2457	2047
2025	2355	2312	7010	2522	2102
2026	2355	2372	7011	2588	2157
2027	2355	2429	7012	2650	2208
2028	2355	2482	7013	2708	2256
2029	2355	2531	7014	2761	2301
2030	2355	2580	7015	2815	2346
2031	2355	2664	7016	2906	2422
2032	2355	2745	7017	2995	2496
2033	2940	2827	7018	3084	2570
2034	2940	2908	7019	3172	2643
2035	2940	2988	7020	3260	2716
2036	2940	3069	7021	3348	2790
2037	2940	3147	7022	3433	2861
2038	2940	3225	7023	3518	2932
2039	2940	3304	7024	3604	3003
2040	2940	3383	7025	3690	3075
2041	3933	3461	7026	3776	3147
2042	3933	3541	7027	3863	3219
2043	3933	3620	7028	3949	3291
2044	3933	3700	7029	4036	3363
